PesertaID,NamaPeserta
1,"Nova Andriani, S.Pd"
2,Nrima Santoso
3,H. Garan Halimah
4,Cici Laksita
5,Puji Tarihoran
6,Paris Nasyidah
7,Najib Palastri
8,Adiarja Mulyani
9,Usman Permata
10,KH. Kawaca Rajasa
11,Digdaya Utami
12,Slamet Nainggolan
13,Ida Damanik
14,Cut Jane Haryanti
15,Farah Sitompul
16,Puti Nilam Uyainah
17,Wani Maryati
18,Gamblang Prastuti
19,Adika Suryono
20,drg. Mahesa Thamrin
21,Gatra Melani
22,Dr. Anita Mustofa
23,Tugiman Hutapea
24,"Samiah Hastuti, S.Psi"
25,drg. Jelita Tarihoran
26,dr. Ihsan Situmorang
27,Kasiran Budiyanto
28,Dr. Karimah Sudiati
29,Wakiman Pranowo
30,Dadi Nasyiah
31,Ir. Icha Lazuardi
32,"drg. Vanesa Setiawan, S.T."
33,"Hilda Melani, M.Kom."
34,Bakda Purnawati
35,"Drs. Oskar Siregar, S.Ked"
36,"H. Wadi Tarihoran, M.Farm"
37,dr. Jefri Rajata
38,Gatra Mansur
39,Putu Nasyidah
40,Dt. Baktianto Hidayat
41,Dirja Marpaung
42,Silvia Pradana
43,"Puti Janet Maryati, M.Pd"
44,Kenes Mahendra
45,Drs. Clara Pertiwi
46,KH. Gandi Adriansyah
47,Ratih Wijayanti
48,drg. Cahyanto Wijaya
49,Lalita Simbolon
50,drg. Rafid Mandasari
51,"Galiono Prasasta, S.Psi"
52,Rika Yuliarti
53,"T. Kuncara Puspita, S.Pt"
54,"Edi Wahyuni, S.Kom"
55,Cawuk Mahendra
56,"Kacung Kuswandari, S.E."
57,"Padma Padmasari, M.Kom."
58,Karimah Usamah
59,R.A. Dalima Latupono
60,Dina Jailani
61,Maria Pertiwi
62,dr. Gara Zulaika
63,"Rendy Wasita, S.Ked"
64,Rama Melani
65,Kurnia Nababan
66,Setya Pudjiastuti
67,R. Kartika Prayoga
68,Wawan Thamrin
69,Empluk Hidayat
70,"Lulut Riyanti, M.Ak"
71,"Putri Hassanah, S.IP"
72,"drg. Jamalia Yulianti, M.Kom."
73,Indra Waskita
74,Salsabila Wastuti
75,Gaman Mulyani
76,Luhung Thamrin
77,Hj. Vanya Ramadan
78,Vanesa Gunarto
79,drg. Sakura Firgantoro
80,Victoria Putra
81,"Drs. Dadi Nashiruddin, S.Farm"
82,Suci Iswahyudi
83,Darimin Pranowo
84,Nrima Maryadi
85,"Anita Suartini, S.Pt"
86,H. Drajat Ramadan
87,"R.A. Laila Nasyiah, M.Pd"
88,Jaswadi Utama
89,Lurhur Saefullah
90,Warji Ardianto
91,Balamantri Putra
92,Dr. Tania Latupono
93,Vera Tarihoran
94,Tina Kusmawati
95,Febi Narpati
96,"Drs. Eluh Suryatmi, S.IP"
97,Indah Siregar
98,Malika Sihombing
99,Novi Hastuti
100,Karen Prayoga
101,Yance Mansur
102,Eko Wastuti
103,drg. Ibrani Riyanti
104,"Harjasa Rajasa, M.Kom."
105,"Cut Tira Gunawan, S.Sos"
106,Paramita Pradana
107,"Dr. Harjaya Prakasa, M.TI."
108,Nugraha Aryani
109,Ajiono Halim
110,Hartana Saefullah
111,Mahesa Kuswoyo
112,Niyaga Dongoran
113,"Ir. Citra Laksita, M.M."
114,Melinda Laksita
115,Gina Uwais
116,"R.A. Umi Budiyanto, S.Gz"
117,"Hj. Unjani Jailani, S.Farm"
118,"T. Luhung Mustofa, M.Farm"
119,Puti Nova Dongoran
120,Mujur Saptono
121,"R. Amalia Iswahyudi, S.Ked"
122,Ulva Ramadan
123,"Dimas Januar, M.M."
124,Vivi Handayani
125,Kenzie Nashiruddin
126,Ismail Dongoran
127,"Hartana Hastuti, M.Kom."
128,"Viman Mayasari, S.T."
129,Uda Waluyo
130,Violet Siregar
131,"Chelsea Rahayu, S.H."
132,Najwa Rahimah
133,Laras Marbun
134,Nabila Padmasari
135,"Hj. Safina Siregar, M.Ak"
136,Adiarja Napitupulu
137,"Embuh Permadi, S.E.I"
138,Ira Purnawati
139,Sakti Siregar
140,Kunthara Wastuti
141,Galar Usada
142,Ulva Hidayanto
143,Lukman Melani
144,Chandra Pudjiastuti
145,H. Asmianto Setiawan
146,dr. Raisa Santoso
147,R.A. Ira Pradipta
148,Nugraha Saragih
149,Timbul Siregar
150,"Hendra Rajasa, S.Farm"
